{
  "data": [
    {
      "id": 1,
      "avatar": "10.png",
      "full_name": "Korrie O'Crevy",
      "post": "Nuclear Power Engineer",
      "email": "kocrevy0@thetimes.co.uk",
      "city": "Krasnosilka",
      "start_date": "09/23/2021",
      "salary": "$23896.35",
      "age": "61",
      "experience": "1 Year",
      "status": 2
    },
    {
      "id": 2,
      "avatar": "1.png",
      "full_name": "Bailie Coulman",
      "post": "VP Quality Control",
      "email": "bcoulman1@yolasite.com",
      "city": "Hinigaran",
      "start_date": "05/20/2021",
      "salary": "$13633.69",
      "age": "63",
      "experience": "3 Years",
      "status": 2
    },
    {
      "id": 3,
      "avatar": "9.png",
      "full_name": "Stella Ganderton",
      "post": "Operator",
      "email": "sganderton2@tuttocitta.it",
      "city": "Golcowa",
      "start_date": "03/24/2021",
      "salary": "$13076.28",
      "age": "66",
      "experience": "6 Years",
      "status": 5
    },
    {
      "id": 4,
      "avatar": "10.png",
      "full_name": "Dorolice Crossman",
      "post": "Cost Accountant",
      "email": "dcrossman3@google.co.jp",
      "city": "Paquera",
      "start_date": "12/03/2021",
      "salary": "$12336.17",
      "age": "22",
      "experience": "2 Years",
      "status": 2
    },
    {
      "id": 5,
      "avatar": "",
      "full_name": "Harmonia Nisius",
      "post": "Senior Cost Accountant",
      "email": "hnisius4@gnu.org",
      "city": "Lucan",
      "start_date": "08/25/2021",
      "salary": "$10909.52",
      "age": "33",
      "experience": "3 Years",
      "status": 2
    }
  ]
}